{"cameraMode":{"drawMode":0,"name":"Shaded","section":"Shading Mode"},"sceneLighting":false,"audioPlay":false,"sceneViewState":{"m_AlwaysRefresh":false,"showFog":true,"showSkybox":false,"showFlares":true,"showImageEffects":true,"showParticleSystems":true,"showVisualEffectGraphs":true,"m_FxEnabled":false},"in2DMode":false,"pivot":{"x":-2.617884397506714,"y":-0.13051342964172364,"z":0.6044754981994629},"rotation":{"x":0.06713277846574784,"y":-0.7791162133216858,"z":0.08473994582891464,"w":0.6176701188087463},"size":2.6660280227661135,"orthographic":false}