{"cameraMode":{"drawMode":0,"name":"Shaded","section":"Shading Mode"},"sceneLighting":false,"audioPlay":false,"sceneViewState":{"m_AlwaysRefresh":false,"showFog":true,"showSkybox":false,"showFlares":true,"showImageEffects":true,"showParticleSystems":true,"showVisualEffectGraphs":true,"m_FxEnabled":false},"in2DMode":false,"pivot":{"x":0.09363722801208496,"y":0.5650794506072998,"z":-1.3443632125854493},"rotation":{"x":0.01899159885942936,"y":-0.963656485080719,"z":0.07126305252313614,"w":0.2572025954723358},"size":1.4660282135009766,"orthographic":false}