{"cameraMode":{"drawMode":0,"name":"Shaded","section":"Shading Mode"},"sceneLighting":true,"audioPlay":false,"sceneViewState":{"m_AlwaysRefresh":false,"showFog":true,"showSkybox":true,"showFlares":true,"showImageEffects":true,"showParticleSystems":true,"showVisualEffectGraphs":true,"m_FxEnabled":true},"in2DMode":false,"pivot":{"x":-85.23773956298828,"y":4.300151824951172,"z":-0.012708663940429688},"rotation":{"x":0.02849382720887661,"y":-0.012892324477434159,"z":0.000368370529031381,"w":0.9995138645172119},"size":3.9531948566436769,"orthographic":false}