{"cameraMode":{"drawMode":0,"name":"Shaded","section":"Shading Mode"},"sceneLighting":true,"audioPlay":false,"sceneViewState":{"m_AlwaysRefresh":false,"showFog":true,"showSkybox":true,"showFlares":true,"showImageEffects":true,"showParticleSystems":true,"showVisualEffectGraphs":true,"m_FxEnabled":true},"in2DMode":false,"pivot":{"x":2.923414707183838,"y":-0.9476957321166992,"z":-1.451096534729004},"rotation":{"x":0.3068225681781769,"y":0.029422152787446977,"z":-0.009482731111347676,"w":0.9512877464294434},"size":10.09992790222168,"orthographic":false}