{"cameraMode":{"drawMode":0,"name":"Shaded","section":"Shading Mode"},"sceneLighting":true,"audioPlay":false,"sceneViewState":{"m_AlwaysRefresh":false,"showFog":true,"showSkybox":true,"showFlares":true,"showImageEffects":true,"showParticleSystems":true,"showVisualEffectGraphs":true,"m_FxEnabled":true},"in2DMode":false,"pivot":{"x":-0.08174699544906616,"y":0.85833740234375,"z":-0.042405128479003909},"rotation":{"x":0.3436073958873749,"y":0.03436322137713432,"z":-0.012581794522702694,"w":0.9384024143218994},"size":6.873040199279785,"orthographic":false}