{"cameraMode":{"drawMode":0,"name":"Shaded","section":"Shading Mode"},"sceneLighting":true,"audioPlay":false,"sceneViewState":{"m_AlwaysRefresh":false,"showFog":true,"showSkybox":true,"showFlares":true,"showImageEffects":true,"showParticleSystems":true,"showVisualEffectGraphs":true,"m_FxEnabled":false},"in2DMode":false,"pivot":{"x":-0.5362966060638428,"y":0.017585158348083497,"z":-1.3979358673095704},"rotation":{"x":-0.15644337236881257,"y":-0.09478197991847992,"z":0.015116307884454728,"w":-0.9831253886222839},"size":0.7297104597091675,"orthographic":false}