{"cameraMode":{"drawMode":0,"name":"Shaded","section":"Shading Mode"},"sceneLighting":true,"audioPlay":false,"sceneViewState":{"m_AlwaysRefresh":false,"showFog":true,"showSkybox":true,"showFlares":true,"showImageEffects":true,"showParticleSystems":true,"showVisualEffectGraphs":true,"m_FxEnabled":false},"in2DMode":false,"pivot":{"x":1137.2332763671875,"y":441.0528259277344,"z":408.8643798828125},"rotation":{"x":0.010192676447331906,"y":-0.0057220542803406719,"z":-0.00005558093835134059,"w":-0.999964714050293},"size":571.4102783203125,"orthographic":false}