{"cameraMode":{"drawMode":0,"name":"Shaded","section":"Shading Mode"},"sceneLighting":true,"audioPlay":false,"sceneViewState":{"m_AlwaysRefresh":false,"showFog":true,"showSkybox":true,"showFlares":true,"showImageEffects":true,"showParticleSystems":true,"showVisualEffectGraphs":true,"m_FxEnabled":false},"in2DMode":false,"pivot":{"x":828.8380126953125,"y":538.963134765625,"z":-3.317138671875},"rotation":{"x":-0.0063063763082027439,"y":-0.017721399664878846,"z":0.00011901229299837723,"w":-0.9998562932014465},"size":665.6742553710938,"orthographic":false}