{"cameraMode":{"drawMode":0,"name":"Shaded","section":"Shading Mode"},"sceneLighting":true,"audioPlay":false,"sceneViewState":{"m_AlwaysRefresh":false,"showFog":true,"showSkybox":true,"showFlares":true,"showImageEffects":true,"showParticleSystems":true,"showVisualEffectGraphs":true,"m_FxEnabled":false},"in2DMode":false,"pivot":{"x":769.291015625,"y":505.2557067871094,"z":-50.25128173828125},"rotation":{"x":-0.0018094712868332863,"y":-0.0039026113227009775,"z":0.0000070703581513953399,"w":-0.9999912977218628},"size":388.42681884765627,"orthographic":false}