{"cameraMode":{"drawMode":0,"name":"Shaded","section":"Shading Mode"},"sceneLighting":true,"audioPlay":false,"sceneViewState":{"m_AlwaysRefresh":false,"showFog":true,"showSkybox":true,"showFlares":true,"showImageEffects":true,"showParticleSystems":true,"showVisualEffectGraphs":true,"m_FxEnabled":false},"in2DMode":false,"pivot":{"x":-0.6381910443305969,"y":-1.1179101467132569,"z":91.77227020263672},"rotation":{"x":-0.13042329251766206,"y":-0.014279084280133248,"z":0.0018785700667649508,"w":-0.99135422706604},"size":6.321452617645264,"orthographic":false}