{"cameraMode":{"drawMode":0,"name":"Shaded","section":"Shading Mode"},"sceneLighting":true,"audioPlay":false,"sceneViewState":{"m_AlwaysRefresh":false,"showFog":true,"showSkybox":true,"showFlares":true,"showImageEffects":true,"showParticleSystems":true,"showVisualEffectGraphs":true,"m_FxEnabled":false},"in2DMode":false,"pivot":{"x":3.868478775024414,"y":-0.7870675325393677,"z":25.367706298828126},"rotation":{"x":-0.059862170368433,"y":-0.11664862930774689,"z":0.007078438065946102,"w":-0.9914565682411194},"size":12.829629898071289,"orthographic":false}