{"cameraMode":{"drawMode":0,"name":"Shaded","section":"Shading Mode"},"sceneLighting":false,"audioPlay":false,"sceneViewState":{"m_AlwaysRefresh":false,"showFog":true,"showSkybox":false,"showFlares":true,"showImageEffects":true,"showParticleSystems":true,"showVisualEffectGraphs":true,"m_FxEnabled":true},"in2DMode":false,"pivot":{"x":-2.3378713130950929,"y":1.7134006023406983,"z":-0.8214075565338135},"rotation":{"x":-0.012737185694277287,"y":0.8075479865074158,"z":-0.01708502694964409,"w":-0.589584469795227},"size":3.6247446537017824,"orthographic":false}