{"cameraMode":{"drawMode":0,"name":"Shaded","section":"Shading Mode"},"sceneLighting":false,"audioPlay":false,"sceneViewState":{"m_AlwaysRefresh":false,"showFog":true,"showSkybox":false,"showFlares":true,"showImageEffects":true,"showParticleSystems":true,"showVisualEffectGraphs":true,"m_FxEnabled":true},"in2DMode":false,"pivot":{"x":-2.1992926597595217,"y":0.8743895292282105,"z":-2.2567453384399416},"rotation":{"x":-0.026644360274076463,"y":0.9051805734634399,"z":-0.057383064180612567,"w":-0.42029404640197756},"size":6.624746322631836,"orthographic":false}