{"cameraMode":{"drawMode":0,"name":"Shaded","section":"Shading Mode"},"sceneLighting":false,"audioPlay":false,"sceneViewState":{"m_AlwaysRefresh":false,"showFog":true,"showSkybox":false,"showFlares":true,"showImageEffects":true,"showParticleSystems":true,"showVisualEffectGraphs":true,"m_FxEnabled":true},"in2DMode":false,"pivot":{"x":-0.38410258293151858,"y":1.0464415550231934,"z":0.3621003031730652},"rotation":{"x":-0.026644360274076463,"y":0.9051805734634399,"z":-0.057383064180612567,"w":-0.42029404640197756},"size":1.033085823059082,"orthographic":false}