{"cameraMode":{"drawMode":0,"name":"Shaded","section":"Shading Mode"},"sceneLighting":true,"audioPlay":false,"sceneViewState":{"m_AlwaysRefresh":false,"showFog":true,"showSkybox":true,"showFlares":true,"showImageEffects":true,"showParticleSystems":true,"showVisualEffectGraphs":true,"m_FxEnabled":true},"in2DMode":false,"pivot":{"x":0.10395002365112305,"y":-34.14949035644531,"z":21.263198852539064},"rotation":{"x":-0.573212206363678,"y":-0.014536813832819462,"z":0.010268960148096085,"w":-0.8192732334136963},"size":66.70429229736328,"orthographic":false}