{"cameraMode":{"drawMode":0,"name":"Shaded","section":"Shading Mode"},"sceneLighting":true,"audioPlay":false,"sceneViewState":{"m_AlwaysRefresh":false,"showFog":true,"showSkybox":true,"showFlares":true,"showImageEffects":true,"showParticleSystems":true,"showVisualEffectGraphs":true,"m_FxEnabled":true},"in2DMode":false,"pivot":{"x":6.067623138427734,"y":-26.004798889160158,"z":30.647235870361329},"rotation":{"x":-0.34273552894592287,"y":-0.008727602660655976,"z":0.0033499537967145445,"w":-0.9394898414611816},"size":45.83029556274414,"orthographic":false}