{"cameraMode":{"drawMode":0,"name":"Shaded","section":"Shading Mode"},"sceneLighting":true,"audioPlay":false,"sceneViewState":{"m_AlwaysRefresh":false,"showFog":true,"showSkybox":true,"showFlares":true,"showImageEffects":true,"showParticleSystems":true,"showVisualEffectGraphs":true,"m_FxEnabled":true},"in2DMode":false,"pivot":{"x":-6.036698341369629,"y":4.570940017700195,"z":3.2590174674987795},"rotation":{"x":-0.39965954422950747,"y":-0.13288909196853639,"z":0.05886517092585564,"w":-0.9051802754402161},"size":14.219552993774414,"orthographic":false}